{
  "original_image": "IMG_0252.JPG",
  "timestamp": "2025-06-23T22:27:20.706446",
  "dimensions": {
    "width": 1600,
    "height": 2400
  },
  "detection_results": {
    "total_persons": 1,
    "dominant_person": {
      "bounding_box": [
        298,
        281,
        584,
        1936
      ],
      "score": 0.3978560238849684,
      "analysis_data": {
        "area_ratio": 0.2944333333333333,
        "centrality": 0.8504799344569431,
        "confidence": 0.8,
        "cropping_issues": []
      }
    },
    "detector_type": "OpenCV"
  }
}